Method,Job,AnalyzeLaunchVariance,EvaluateOverhead,MaxAbsoluteError,MaxRelativeError,MinInvokeCount,MinIterationTime,OutlierMode,Affinity,EnvironmentVariables,Jit,LargeAddressAware,Platform,PowerPlanMode,Runtime,AllowVeryLargeObjects,Concurrent,CpuGroups,Force,HeapAffinitizeMask,HeapCount,NoAffinitize,RetainVm,Server,Arguments,BuildConfiguration,Clock,EngineFactory,NuGetReferences,Toolchain,IsMutator,InvocationCount,IterationCount,IterationTime,LaunchCount,MaxIterationCount,MaxWarmupIterationCount,MemoryRandomization,MinIterationCount,MinWarmupIterationCount,RunStrategy,UnrollFactor,WarmupCount,Mean,Error,StdDev,Median,Ratio,RatioSD,Gen0,Allocated,Alloc Ratio
ToSphericalVector,.NET 10.0,False,Default,Default,Default,Default,Default,Default,111111111111,Empty,RyuJit,Default,X64,8c5e7fda-e8bf-4a96-9a85-a6e23a8c635c,.NET 10.0,False,True,False,False,Default,Default,False,False,True,Default,Default,Default,Default,Default,Default,Default,Default,15,Default,2,Default,Default,Default,Default,Default,Default,16,10,0.0007 ns,0.0006 ns,0.0010 ns,0.0000 ns,NA,NA,0.0000,0 B,NA
ToCartesianVector,.NET 10.0,False,Default,Default,Default,Default,Default,Default,111111111111,Empty,RyuJit,Default,X64,8c5e7fda-e8bf-4a96-9a85-a6e23a8c635c,.NET 10.0,False,True,False,False,Default,Default,False,False,True,Default,Default,Default,Default,Default,Default,Default,Default,15,Default,2,Default,Default,Default,Default,Default,Default,16,10,0.0009 ns,0.0011 ns,0.0016 ns,0.0000 ns,NA,NA,0.0000,0 B,NA
ToSpherical,.NET 10.0,False,Default,Default,Default,Default,Default,Default,111111111111,Empty,RyuJit,Default,X64,8c5e7fda-e8bf-4a96-9a85-a6e23a8c635c,.NET 10.0,False,True,False,False,Default,Default,False,False,True,Default,Default,Default,Default,Default,Default,Default,Default,15,Default,2,Default,Default,Default,Default,Default,Default,16,10,0.0002 ns,0.0003 ns,0.0005 ns,0.0000 ns,NA,NA,0.0000,0 B,NA
ToCartesian,.NET 10.0,False,Default,Default,Default,Default,Default,Default,111111111111,Empty,RyuJit,Default,X64,8c5e7fda-e8bf-4a96-9a85-a6e23a8c635c,.NET 10.0,False,True,False,False,Default,Default,False,False,True,Default,Default,Default,Default,Default,Default,Default,Default,15,Default,2,Default,Default,Default,Default,Default,Default,16,10,0.0005 ns,0.0007 ns,0.0010 ns,0.0000 ns,NA,NA,0.0000,0 B,NA
GeiToGeo,.NET 10.0,False,Default,Default,Default,Default,Default,Default,111111111111,Empty,RyuJit,Default,X64,8c5e7fda-e8bf-4a96-9a85-a6e23a8c635c,.NET 10.0,False,True,False,False,Default,Default,False,False,True,Default,Default,Default,Default,Default,Default,Default,Default,15,Default,2,Default,Default,Default,Default,Default,Default,16,10,0.2487 ns,0.0064 ns,0.0096 ns,0.2481 ns,"3,803.802x faster",144.54x,0.0000,0 B,NA
GeoToGei,.NET 10.0,False,Default,Default,Default,Default,Default,Default,111111111111,Empty,RyuJit,Default,X64,8c5e7fda-e8bf-4a96-9a85-a6e23a8c635c,.NET 10.0,False,True,False,False,Default,Default,False,False,True,Default,Default,Default,Default,Default,Default,Default,Default,15,Default,2,Default,Default,Default,Default,Default,Default,16,10,0.0319 ns,0.0217 ns,0.0317 ns,0.0533 ns,NA,NA,0.0000,0 B,NA
ToGeocentric,.NET 10.0,False,Default,Default,Default,Default,Default,Default,111111111111,Empty,RyuJit,Default,X64,8c5e7fda-e8bf-4a96-9a85-a6e23a8c635c,.NET 10.0,False,True,False,False,Default,Default,False,False,True,Default,Default,Default,Default,Default,Default,Default,Default,15,Default,2,Default,Default,Default,Default,Default,Default,16,10,0.0001 ns,0.0003 ns,0.0004 ns,0.0000 ns,NA,NA,0.0000,0 B,NA
ToGeodetic,.NET 10.0,False,Default,Default,Default,Default,Default,Default,111111111111,Empty,RyuJit,Default,X64,8c5e7fda-e8bf-4a96-9a85-a6e23a8c635c,.NET 10.0,False,True,False,False,Default,Default,False,False,True,Default,Default,Default,Default,Default,Default,Default,Default,15,Default,2,Default,Default,Default,Default,Default,Default,16,10,400.0105 ns,0.2918 ns,0.4186 ns,399.9644 ns,2.361x faster,0.01x,0.0000,0 B,NA
GeoToGsw,.NET 10.0,False,Default,Default,Default,Default,Default,Default,111111111111,Empty,RyuJit,Default,X64,8c5e7fda-e8bf-4a96-9a85-a6e23a8c635c,.NET 10.0,False,True,False,False,Default,Default,False,False,True,Default,Default,Default,Default,Default,Default,Default,Default,15,Default,2,Default,Default,Default,Default,Default,Default,16,10,0.9732 ns,0.0200 ns,0.0287 ns,0.9671 ns,971.323x faster,27.80x,0.0000,0 B,NA
GswToGeo,.NET 10.0,False,Default,Default,Default,Default,Default,Default,111111111111,Empty,RyuJit,Default,X64,8c5e7fda-e8bf-4a96-9a85-a6e23a8c635c,.NET 10.0,False,True,False,False,Default,Default,False,False,True,Default,Default,Default,Default,Default,Default,Default,Default,15,Default,2,Default,Default,Default,Default,Default,Default,16,10,0.9481 ns,0.0035 ns,0.0052 ns,0.9478 ns,996.299x faster,5.99x,0.0000,0 B,NA
GeoToMag,.NET 10.0,False,Default,Default,Default,Default,Default,Default,111111111111,Empty,RyuJit,Default,X64,8c5e7fda-e8bf-4a96-9a85-a6e23a8c635c,.NET 10.0,False,True,False,False,Default,Default,False,False,True,Default,Default,Default,Default,Default,Default,Default,Default,15,Default,2,Default,Default,Default,Default,Default,Default,16,10,0.7352 ns,0.0029 ns,0.0042 ns,0.7347 ns,"1,284.773x faster",7.96x,0.0000,0 B,NA
MagToGeo,.NET 10.0,False,Default,Default,Default,Default,Default,Default,111111111111,Empty,RyuJit,Default,X64,8c5e7fda-e8bf-4a96-9a85-a6e23a8c635c,.NET 10.0,False,True,False,False,Default,Default,False,False,True,Default,Default,Default,Default,Default,Default,Default,Default,15,Default,2,Default,Default,Default,Default,Default,Default,16,10,0.7396 ns,0.0057 ns,0.0080 ns,0.7359 ns,"1,277.243x faster",13.87x,0.0000,0 B,NA
GswToGse,.NET 10.0,False,Default,Default,Default,Default,Default,Default,111111111111,Empty,RyuJit,Default,X64,8c5e7fda-e8bf-4a96-9a85-a6e23a8c635c,.NET 10.0,False,True,False,False,Default,Default,False,False,True,Default,Default,Default,Default,Default,Default,Default,Default,15,Default,2,Default,Default,Default,Default,Default,Default,16,10,0.9496 ns,0.0052 ns,0.0076 ns,0.9473 ns,994.735x faster,8.20x,0.0000,0 B,NA
GseToGsw,.NET 10.0,False,Default,Default,Default,Default,Default,Default,111111111111,Empty,RyuJit,Default,X64,8c5e7fda-e8bf-4a96-9a85-a6e23a8c635c,.NET 10.0,False,True,False,False,Default,Default,False,False,True,Default,Default,Default,Default,Default,Default,Default,Default,15,Default,2,Default,Default,Default,Default,Default,Default,16,10,0.9345 ns,0.0099 ns,0.0145 ns,0.9380 ns,"1,010.958x faster",15.72x,0.0000,0 B,NA
MagToSm,.NET 10.0,False,Default,Default,Default,Default,Default,Default,111111111111,Empty,RyuJit,Default,X64,8c5e7fda-e8bf-4a96-9a85-a6e23a8c635c,.NET 10.0,False,True,False,False,Default,Default,False,False,True,Default,Default,Default,Default,Default,Default,Default,Default,15,Default,2,Default,Default,Default,Default,Default,Default,16,10,0.0541 ns,0.0027 ns,0.0039 ns,0.0548 ns,"17,544.605x faster","1,340.15x",0.0000,0 B,NA
SmToMag,.NET 10.0,False,Default,Default,Default,Default,Default,Default,111111111111,Empty,RyuJit,Default,X64,8c5e7fda-e8bf-4a96-9a85-a6e23a8c635c,.NET 10.0,False,True,False,False,Default,Default,False,False,True,Default,Default,Default,Default,Default,Default,Default,Default,15,Default,2,Default,Default,Default,Default,Default,Default,16,10,0.0628 ns,0.0051 ns,0.0074 ns,0.0625 ns,"15,242.668x faster","1,672.04x",0.0000,0 B,NA
SmToGsw,.NET 10.0,False,Default,Default,Default,Default,Default,Default,111111111111,Empty,RyuJit,Default,X64,8c5e7fda-e8bf-4a96-9a85-a6e23a8c635c,.NET 10.0,False,True,False,False,Default,Default,False,False,True,Default,Default,Default,Default,Default,Default,Default,Default,15,Default,2,Default,Default,Default,Default,Default,Default,16,10,0.1266 ns,0.0468 ns,0.0671 ns,0.1857 ns,"10,567.165x faster","5,997.32x",0.0000,0 B,NA
GswToSm,.NET 10.0,False,Default,Default,Default,Default,Default,Default,111111111111,Empty,RyuJit,Default,X64,8c5e7fda-e8bf-4a96-9a85-a6e23a8c635c,.NET 10.0,False,True,False,False,Default,Default,False,False,True,Default,Default,Default,Default,Default,Default,Default,Default,15,Default,2,Default,Default,Default,Default,Default,Default,16,10,0.0356 ns,0.0256 ns,0.0384 ns,0.0261 ns,NA,NA,0.0000,0 B,NA
Recalc,.NET 10.0,False,Default,Default,Default,Default,Default,Default,111111111111,Empty,RyuJit,Default,X64,8c5e7fda-e8bf-4a96-9a85-a6e23a8c635c,.NET 10.0,False,True,False,False,Default,Default,False,False,True,Default,Default,Default,Default,Default,Default,Default,Default,15,Default,2,Default,Default,Default,Default,Default,Default,16,10,944.5261 ns,1.7192 ns,2.5199 ns,944.1298 ns,baseline,,0.0210,56 B,
ShuMgnp,.NET 10.0,False,Default,Default,Default,Default,Default,Default,111111111111,Empty,RyuJit,Default,X64,8c5e7fda-e8bf-4a96-9a85-a6e23a8c635c,.NET 10.0,False,True,False,False,Default,Default,False,False,True,Default,Default,Default,Default,Default,Default,Default,Default,15,Default,2,Default,Default,Default,Default,Default,Default,16,10,309.6294 ns,0.5859 ns,0.8769 ns,309.3632 ns,3.051x faster,0.01x,0.0000,0 B,NA
T96Mgnp,.NET 10.0,False,Default,Default,Default,Default,Default,Default,111111111111,Empty,RyuJit,Default,X64,8c5e7fda-e8bf-4a96-9a85-a6e23a8c635c,.NET 10.0,False,True,False,False,Default,Default,False,False,True,Default,Default,Default,Default,Default,Default,Default,Default,15,Default,2,Default,Default,Default,Default,Default,Default,16,10,1.3277 ns,0.0882 ns,0.1292 ns,1.4451 ns,718.023x faster,69.22x,0.0000,0 B,NA
IgrfGeo,.NET 10.0,False,Default,Default,Default,Default,Default,Default,111111111111,Empty,RyuJit,Default,X64,8c5e7fda-e8bf-4a96-9a85-a6e23a8c635c,.NET 10.0,False,True,False,False,Default,Default,False,False,True,Default,Default,Default,Default,Default,Default,Default,Default,15,Default,2,Default,Default,Default,Default,Default,Default,16,10,530.2026 ns,1.5544 ns,2.2784 ns,530.2491 ns,1.781x faster,0.01x,0.1202,320 B,5.71x more
IgrfGsw,.NET 10.0,False,Default,Default,Default,Default,Default,Default,111111111111,Empty,RyuJit,Default,X64,8c5e7fda-e8bf-4a96-9a85-a6e23a8c635c,.NET 10.0,False,True,False,False,Default,Default,False,False,True,Default,Default,Default,Default,Default,Default,Default,Default,15,Default,2,Default,Default,Default,Default,Default,Default,16,10,490.9915 ns,1.5070 ns,2.2090 ns,490.1989 ns,1.924x faster,0.01x,0.1183,336 B,6.00x more
Dip,.NET 10.0,False,Default,Default,Default,Default,Default,Default,111111111111,Empty,RyuJit,Default,X64,8c5e7fda-e8bf-4a96-9a85-a6e23a8c635c,.NET 10.0,False,True,False,False,Default,Default,False,False,True,Default,Default,Default,Default,Default,Default,Default,Default,15,Default,2,Default,Default,Default,Default,Default,Default,16,10,1.4538 ns,0.0051 ns,0.0071 ns,1.4522 ns,649.692x faster,3.54x,0.0000,0 B,NA
Sun,.NET 10.0,False,Default,Default,Default,Default,Default,Default,111111111111,Empty,RyuJit,Default,X64,8c5e7fda-e8bf-4a96-9a85-a6e23a8c635c,.NET 10.0,False,True,False,False,Default,Default,False,False,True,Default,Default,Default,Default,Default,Default,Default,Default,15,Default,2,Default,Default,Default,Default,Default,Default,16,10,163.5762 ns,0.5718 ns,0.8382 ns,163.3339 ns,5.774x faster,0.03x,0.0212,56 B,1.00x more
T89,.NET 10.0,False,Default,Default,Default,Default,Default,Default,111111111111,Empty,RyuJit,Default,X64,8c5e7fda-e8bf-4a96-9a85-a6e23a8c635c,.NET 10.0,False,True,False,False,Default,Default,False,False,True,Default,Default,Default,Default,Default,Default,Default,Default,15,Default,2,Default,Default,Default,Default,Default,Default,16,10,138.9339 ns,0.4988 ns,0.7312 ns,139.1030 ns,6.799x faster,0.04x,0.0184,48 B,1.17x less
Trace_NS,.NET 10.0,False,Default,Default,Default,Default,Default,Default,111111111111,Empty,RyuJit,Default,X64,8c5e7fda-e8bf-4a96-9a85-a6e23a8c635c,.NET 10.0,False,True,False,False,Default,Default,False,False,True,Default,Default,Default,Default,Default,Default,Default,Default,15,Default,2,Default,Default,Default,Default,Default,Default,16,10,"419,152.5099 ns","4,606.0357 ns","6,751.4679 ns","421,392.2068 ns",443.773x slower,7.12x,121.0938,325992 B,"5,821.29x more"
Trace_SN,.NET 10.0,False,Default,Default,Default,Default,Default,Default,111111111111,Empty,RyuJit,Default,X64,8c5e7fda-e8bf-4a96-9a85-a6e23a8c635c,.NET 10.0,False,True,False,False,Default,Default,False,False,True,Default,Default,Default,Default,Default,Default,Default,Default,15,Default,2,Default,Default,Default,Default,Default,Default,16,10,"404,281.2757 ns","2,914.1399 ns","4,271.5088 ns","405,218.9219 ns",428.028x slower,4.59x,101.0742,279056 B,"4,983.14x more"
